-- phpMyAdmin SQL Dump
-- version 5.2.0
-- https://www.phpmyadmin.net/
--
-- Host: localhost:3306
-- Generation Time: Jan 16, 2024 at 06:17 AM
-- Server version: 11.3.0-MariaDB-log
-- PHP Version: 7.4.33

SET SQL_MODE = "NO_AUTO_VALUE_ON_ZERO";
START TRANSACTION;
SET time_zone = "+00:00";


/*!40101 SET @OLD_CHARACTER_SET_CLIENT=@@CHARACTER_SET_CLIENT */;
/*!40101 SET @OLD_CHARACTER_SET_RESULTS=@@CHARACTER_SET_RESULTS */;
/*!40101 SET @OLD_COLLATION_CONNECTION=@@COLLATION_CONNECTION */;
/*!40101 SET NAMES utf8mb4 */;

--
-- Database: `karyawan2`
--

-- --------------------------------------------------------

--
-- Table structure for table `absen`
--

CREATE TABLE `absen` (
  `id_absen` int(11) NOT NULL,
  `id_user` int(11) DEFAULT NULL,
  `tanggal_absen` date DEFAULT NULL,
  `jam_masuk` time DEFAULT NULL,
  `lang_masuk` varchar(255) DEFAULT NULL,
  `long_masuk` varchar(255) DEFAULT NULL,
  `jam_pulang` time DEFAULT NULL,
  `long_pulang` varchar(255) DEFAULT NULL,
  `lang_pulang` varchar(255) DEFAULT NULL
) ENGINE=InnoDB DEFAULT CHARSET=latin1 COLLATE=latin1_swedish_ci;

--
-- Dumping data for table `absen`
--

INSERT INTO `absen` (`id_absen`, `id_user`, `tanggal_absen`, `jam_masuk`, `lang_masuk`, `long_masuk`, `jam_pulang`, `long_pulang`, `lang_pulang`) VALUES
(1, 3, '2023-10-11', '12:45:28', '-3.4440442', '114.8448675', NULL, NULL, NULL),
(2, 4, '2023-10-13', '09:41:54', '-2.9309579', '115.1614898', '19:34:35', '115.1499177', '-2.9374189'),
(3, 3, '2023-10-13', '09:43:02', '-2.9309579', '115.1614898', '19:41:14', '112.7520883', '-7.2574719'),
(4, 2, '2023-10-13', '09:45:43', '-7.2574719', '112.7520883', '19:45:06', '115.1498354', '-2.9372578'),
(5, 5, '2023-10-13', '09:46:49', '-7.2574719', '112.7520883', '19:35:51', '112.7520883', '-7.2574719'),
(6, 6, '2023-10-13', '09:47:51', '-7.2574719', '112.7520883', '19:36:51', '112.7520883', '-7.2574719'),
(7, 7, '2023-10-13', '09:48:42', '-7.2574719', '112.7520883', '19:38:30', '112.7520883', '-7.2574719'),
(8, 8, '2023-10-13', '09:49:32', '-2.9309966', '115.1614782', '19:40:01', '115.1498327', '-2.9368871'),
(9, 9, '2023-10-13', '09:50:42', '-2.9309966', '115.1614782', '19:42:05', '112.7520883', '-7.2574719'),
(10, 10, '2023-10-13', '09:52:38', '-7.2574719', '112.7520883', '19:43:05', '112.7520883', '-7.2574719'),
(11, 11, '2023-10-13', '09:53:36', '-7.2574719', '112.7520883', '19:44:11', '115.1498354', '-2.9372578'),
(12, 4, '2023-10-16', '09:26:24', '-2.9310104', '115.1614818', '22:53:40', '112.7520883', '-7.2574719'),
(13, 5, '2023-10-16', '09:27:12', '-2.9310104', '115.1614818', '22:54:48', '112.7520883', '-7.2574719'),
(14, 6, '2023-10-16', '09:28:18', '-7.2574719', '112.7520883', '22:55:59', '112.7520883', '-7.2574719'),
(15, 7, '2023-10-16', '09:29:14', '-7.2574719', '112.7520883', '22:56:40', '112.7520883', '-7.2574719'),
(16, 8, '2023-10-16', '09:30:14', '-7.2574719', '112.7520883', '22:57:27', '112.7520883', '-7.2574719'),
(17, 3, '2023-10-16', '09:30:59', '-7.2574719', '112.7520883', '22:58:26', '112.7520883', '-7.2574719'),
(18, 9, '2023-10-16', '09:32:09', '-7.2574719', '112.7520883', '22:59:55', '112.7520883', '-7.2574719'),
(19, 10, '2023-10-16', '09:32:53', '-7.2574719', '112.7520883', '23:00:44', '112.7520883', '-7.2574719'),
(20, 11, '2023-10-16', '09:33:56', '-7.2574719', '112.7520883', '23:01:52', '112.7520883', '-7.2574719'),
(21, 2, '2023-10-16', '09:34:52', '-7.2574719', '112.7520883', '23:02:54', '112.7520883', '-7.2574719'),
(22, 4, '2023-10-17', '10:05:32', '-2.9309834', '115.1614779', '21:35:09', '112.7520883', '-7.2574719'),
(23, 5, '2023-10-17', '10:06:56', '-2.9309834', '115.1614779', '21:36:32', '115.1498561', '-2.9372794'),
(24, 6, '2023-10-17', '10:07:48', '-2.9309942', '115.1614813', '21:37:14', '115.1498561', '-2.9372794'),
(25, 7, '2023-10-17', '10:08:33', '-2.9309942', '115.1614813', '21:37:55', '112.7520883', '-7.2574719'),
(26, 8, '2023-10-17', '10:09:11', '-2.9309942', '115.1614813', '21:38:56', '112.7520883', '-7.2574719'),
(27, 3, '2023-10-17', '10:09:48', '-7.2574719', '112.7520883', '21:39:37', '112.7520883', '-7.2574719'),
(28, 9, '2023-10-17', '10:10:35', '-7.2574719', '112.7520883', '21:40:17', '112.7520883', '-7.2574719'),
(29, 10, '2023-10-17', '10:11:11', '-7.2574719', '112.7520883', '21:41:00', '112.7520883', '-7.2574719'),
(30, 11, '2023-10-17', '10:11:54', '-7.2574719', '112.7520883', '21:41:40', '112.7520883', '-7.2574719'),
(31, 2, '2023-10-17', '10:12:49', '-7.2574719', '112.7520883', '21:42:34', '112.7520883', '-7.2574719'),
(32, 4, '2023-10-18', '09:38:25', '-7.2574719', '112.7520883', '23:51:51', '112.7520883', '-7.2574719'),
(33, 5, '2023-10-18', '09:39:10', '-2.9309599', '115.1614871', '23:52:43', '112.7520883', '-7.2574719'),
(34, 6, '2023-10-18', '09:39:47', '-2.9309599', '115.1614871', '23:53:52', '112.7520883', '-7.2574719'),
(35, 7, '2023-10-18', '09:41:52', '-2.9309979', '115.1614928', '23:54:27', '112.7520883', '-7.2574719'),
(36, 8, '2023-10-18', '09:42:44', '-7.2574719', '112.7520883', '23:54:58', '115.1498682', '-2.9374687'),
(37, 3, '2023-10-18', '09:44:07', '-7.2574719', '112.7520883', '23:55:35', '115.1498682', '-2.9374687'),
(38, 9, '2023-10-18', '09:44:45', '-7.2574719', '112.7520883', '23:56:08', '115.1498682', '-2.9374687'),
(39, 10, '2023-10-18', '09:45:33', '-7.2574719', '112.7520883', '23:56:41', '112.7520883', '-7.2574719'),
(40, 11, '2023-10-18', '09:46:10', '-7.2574719', '112.7520883', '23:57:16', '112.7520883', '-7.2574719'),
(41, 2, '2023-10-18', '09:46:45', '-7.2574719', '112.7520883', '23:57:53', '112.7520883', '-7.2574719'),
(42, 4, '2023-10-19', '09:59:05', '-7.2574719', '112.7520883', '23:46:36', '112.7520883', '-7.2574719'),
(43, 5, '2023-10-19', '10:00:20', '-2.931004', '115.1614915', '23:47:21', '112.7520883', '-7.2574719'),
(44, 6, '2023-10-19', '10:01:05', '-2.9310151', '115.1614796', '23:48:16', '112.7520883', '-7.2574719'),
(45, 7, '2023-10-19', '10:01:49', '-2.9310151', '115.1614796', '23:48:58', '115.1499301', '-2.9373737'),
(46, 8, '2023-10-19', '10:02:26', '-2.9310151', '115.1614796', '23:49:40', '115.1499301', '-2.9373737'),
(47, 3, '2023-10-19', '10:03:24', '-7.2574719', '112.7520883', '23:50:16', '115.1499301', '-2.9373737'),
(48, 9, '2023-10-19', '10:10:53', '-7.2574719', '112.7520883', '23:50:58', '112.7520883', '-7.2574719'),
(49, 10, '2023-10-19', '10:12:01', '-7.2574719', '112.7520883', '23:51:47', '112.7520883', '-7.2574719'),
(50, 11, '2023-10-19', '10:12:35', '-7.2574719', '112.7520883', '23:52:38', '112.7520883', '-7.2574719'),
(51, 2, '2023-10-19', '10:13:27', '-7.2574719', '112.7520883', '23:53:26', '112.7520883', '-7.2574719'),
(52, 4, '2023-10-20', '09:12:53', '-2.9310309', '115.1615308', '19:13:01', '108.9896448', '0.9109504'),
(53, 5, '2023-10-20', '09:13:30', '-2.9310309', '115.1615308', '19:13:32', '108.9896448', '0.9109504'),
(54, 6, '2023-10-20', '09:14:06', '-2.9310309', '115.1615308', '19:14:19', '115.1498044', '-2.9371459'),
(55, 7, '2023-10-20', '09:14:42', '-2.9310309', '115.1615308', '19:14:53', '115.1498044', '-2.9371459'),
(56, 8, '2023-10-20', '09:15:13', '-2.9310223', '115.1615236', '19:15:44', '115.1498044', '-2.9371459'),
(57, 3, '2023-10-20', '09:17:25', '0.9076736', '108.9929216', '19:16:21', '108.9896448', '0.9109504'),
(58, 9, '2023-10-20', '09:18:56', '0.9076736', '108.9929216', '19:17:04', '108.9896448', '0.9109504'),
(59, 10, '2023-10-20', '09:19:49', '0.9076736', '108.9929216', '19:17:48', '108.9896448', '0.9109504'),
(60, 11, '2023-10-20', '09:20:35', '0.9076736', '108.9929216', '19:18:26', '108.9896448', '0.9109504'),
(61, 2, '2023-10-20', '09:21:24', '-2.9309997', '115.1615159', '19:19:11', '108.9896448', '0.9109504'),
(62, 4, '2023-10-23', '09:32:08', '-2.9309715', '115.1614959', '23:39:44', '115.5207358', '-3.6367092'),
(63, 5, '2023-10-23', '09:33:17', '0.9109504', '108.9896448', '23:40:25', '115.5207358', '-3.6367092'),
(64, 6, '2023-10-23', '09:34:29', '-2.9309598', '115.1614844', '23:41:02', '115.5207358', '-3.6367092'),
(65, 7, '2023-10-23', '09:36:07', '-2.9309905', '115.161486', '23:41:41', '115.5207358', '-3.6367092'),
(66, 8, '2023-10-23', '09:38:28', '0.9109504', '108.9896448', '23:42:13', '115.5207358', '-3.6367092'),
(67, 3, '2023-10-23', '09:39:26', '0.9109504', '108.9896448', '23:42:57', '115.5207358', '-3.6367092'),
(68, 9, '2023-10-23', '09:40:12', '0.9109504', '108.9896448', '23:43:36', '115.5207358', '-3.6367092'),
(69, 10, '2023-10-23', '09:42:16', '0.9109504', '108.9896448', '23:44:42', '115.5207358', '-3.6367092'),
(70, 11, '2023-10-23', '09:43:03', '0.9109504', '108.9896448', '23:45:16', '115.5207358', '-3.6367092'),
(71, 2, '2023-10-23', '09:44:27', '0.9109504', '108.9896448', '23:45:53', '115.5207358', '-3.6367092'),
(72, 4, '2023-10-24', '09:35:52', '-2.9309871', '115.1614722', '20:59:13', '117.1357696', '-0.4947968'),
(73, 5, '2023-10-24', '09:36:33', '0.9109504', '108.9896448', '21:00:00', '117.1357696', '-0.4947968'),
(74, 6, '2023-10-24', '09:37:14', '-2.9309495', '115.1614868', '21:04:33', '117.1357696', '-0.4947968'),
(75, 7, '2023-10-24', '09:38:09', '-2.9309495', '115.1614868', '21:05:16', '117.1357696', '-0.4947968'),
(76, 8, '2023-10-24', '09:38:49', '-2.9309495', '115.1614868', '21:06:24', '117.1357696', '-0.4947968'),
(77, 3, '2023-10-24', '09:39:22', '-2.9309762', '115.1614682', '21:06:59', '117.1357696', '-0.4947968'),
(78, 9, '2023-10-24', '09:40:01', '-2.9309762', '115.1614682', '21:07:44', '117.1357696', '-0.4947968'),
(79, 10, '2023-10-24', '09:40:43', '-2.9309762', '115.1614682', '21:08:37', '117.1357696', '-0.4947968'),
(80, 11, '2023-10-24', '09:41:22', '0.9109504', '108.9896448', '21:09:07', '117.1357696', '-0.4947968'),
(81, 2, '2023-10-24', '09:42:06', '0.9109504', '108.9896448', '21:09:50', '117.1357696', '-0.4947968'),
(82, 4, '2023-10-25', '21:11:20', '-0.4947968', '117.1357696', '21:11:28', '117.1357696', '-0.4947968'),
(83, 5, '2023-10-25', '21:12:04', '-0.4947968', '117.1357696', '21:12:10', '117.1357696', '-0.4947968'),
(84, 6, '2023-10-25', '21:12:55', '-0.4947968', '117.1357696', '21:13:01', '117.1357696', '-0.4947968'),
(85, 7, '2023-10-25', '21:13:53', '-0.4947968', '117.1357696', '21:13:58', '117.1357696', '-0.4947968'),
(86, 8, '2023-10-25', '21:14:39', '-0.4947968', '117.1357696', '21:14:44', '117.1357696', '-0.4947968'),
(87, 3, '2023-10-25', '21:16:41', '-0.4947968', '117.1357696', '21:16:47', '117.1357696', '-0.4947968'),
(88, 9, '2023-10-25', '21:17:40', '-0.4947968', '117.1357696', '21:17:46', '117.1357696', '-0.4947968'),
(89, 10, '2023-10-25', '21:18:32', '-0.4947968', '117.1357696', '21:18:37', '117.1357696', '-0.4947968'),
(90, 11, '2023-10-25', '21:19:18', '-0.4947968', '117.1357696', '21:19:24', '117.1357696', '-0.4947968'),
(91, 2, '2023-10-25', '21:20:03', '-0.4947968', '117.1357696', '21:20:09', '117.1357696', '-0.4947968'),
(92, 4, '2023-10-26', '09:46:03', '-2.9308493', '115.1614525', NULL, NULL, NULL),
(93, 5, '2023-10-26', '09:46:54', '-2.9308493', '115.1614525', NULL, NULL, NULL),
(94, 6, '2023-10-26', '09:47:49', '-2.9309225', '115.1614837', NULL, NULL, NULL),
(95, 7, '2023-10-26', '09:48:25', '-2.9309225', '115.1614837', NULL, NULL, NULL),
(96, 8, '2023-10-26', '09:49:09', '-2.9309225', '115.1614837', NULL, NULL, NULL),
(97, 3, '2023-10-26', '09:49:51', '-3.325952', '114.60608', NULL, NULL, NULL),
(98, 9, '2023-10-26', '09:50:27', '-3.325952', '114.60608', NULL, NULL, NULL),
(99, 10, '2023-10-26', '09:50:59', '-3.325952', '114.60608', NULL, NULL, NULL),
(100, 11, '2023-10-26', '09:51:39', '-3.325952', '114.60608', NULL, NULL, NULL),
(101, 2, '2023-10-26', '09:52:12', '-3.325952', '114.60608', NULL, NULL, NULL),
(102, 4, '2023-10-27', '09:06:14', '-2.9309522', '115.1614813', '22:07:43', '117.1357696', '-0.4947968'),
(103, 5, '2023-10-27', '09:07:11', '-3.6367092', '115.5207358', '22:08:19', '117.1357696', '-0.4947968'),
(104, 6, '2023-10-27', '09:07:43', '-2.9309867', '115.1614974', '22:08:55', '117.1357696', '-0.4947968'),
(105, 7, '2023-10-27', '09:08:23', '-2.9309867', '115.1614974', '22:09:26', '117.1357696', '-0.4947968'),
(106, 8, '2023-10-27', '09:08:53', '-2.9309867', '115.1614974', '22:10:04', '117.1357696', '-0.4947968'),
(107, 3, '2023-10-27', '09:09:24', '-2.9309867', '115.1614974', '22:10:39', '117.1357696', '-0.4947968'),
(108, 9, '2023-10-27', '09:09:54', '-2.9309388', '115.1614776', '22:12:47', '115.1498826', '-2.9374447'),
(109, 10, '2023-10-27', '09:10:26', '-2.9309388', '115.1614776', '22:14:35', '117.1357696', '-0.4947968'),
(110, 11, '2023-10-27', '09:11:06', '-2.9309388', '115.1614776', '22:15:14', '117.1357696', '-0.4947968'),
(111, 2, '2023-10-27', '09:11:36', '-2.9309388', '115.1614776', '22:15:55', '117.1357696', '-0.4947968'),
(112, 4, '2023-10-30', '10:02:18', '-2.9309138', '115.1614699', '21:34:56', '115.1498994', '-2.9373446'),
(113, 5, '2023-10-30', '10:02:48', '-2.9309138', '115.1614699', '21:35:37', '115.5207358', '-3.6367092'),
(114, 6, '2023-10-30', '10:03:50', '-3.3193984', '114.60608', '21:36:14', '115.5207358', '-3.6367092'),
(115, 7, '2023-10-30', '10:05:47', '-2.9309545', '115.1614859', '21:36:48', '115.5207358', '-3.6367092'),
(116, 8, '2023-10-30', '10:06:22', '-2.9308599', '115.1614703', '21:37:29', '115.5207358', '-3.6367092'),
(117, 3, '2023-10-30', '10:06:57', '-2.9308599', '115.1614703', '21:38:17', '115.5207358', '-3.6367092'),
(118, 9, '2023-10-30', '10:07:35', '-2.9308599', '115.1614703', '21:38:56', '115.5207358', '-3.6367092'),
(119, 10, '2023-10-30', '10:08:37', '-3.3193984', '114.60608', '21:39:29', '115.5207358', '-3.6367092'),
(120, 11, '2023-10-30', '10:09:13', '-3.3193984', '114.60608', '21:40:05', '115.5207358', '-3.6367092'),
(121, 2, '2023-10-30', '10:10:19', '-3.3193984', '114.60608', '21:40:45', '115.5207358', '-3.6367092'),
(122, 4, '2023-10-31', '09:36:16', '-2.9309527', '115.1614787', '23:07:09', '115.5207358', '-3.6367092'),
(123, 5, '2023-10-31', '09:36:47', '-2.9309527', '115.1614787', '23:07:51', '115.5207358', '-3.6367092'),
(124, 6, '2023-10-31', '09:37:31', '-3.3193984', '114.60608', '23:08:28', '115.5207358', '-3.6367092'),
(125, 7, '2023-10-31', '09:38:04', '-3.3193984', '114.60608', '23:09:04', '115.1500132', '-2.9367489'),
(126, 8, '2023-10-31', '09:38:33', '-2.930888', '115.1614668', '23:09:37', '115.1500132', '-2.9367489'),
(127, 3, '2023-10-31', '09:39:04', '-2.930888', '115.1614668', '23:10:18', '115.1500132', '-2.9367489'),
(128, 9, '2023-10-31', '09:39:34', '-2.930888', '115.1614668', '23:11:00', '115.1500132', '-2.9367489'),
(129, 10, '2023-10-31', '09:40:08', '-2.930888', '115.1614668', '23:11:43', '115.5207358', '-3.6367092'),
(130, 11, '2023-10-31', '09:41:18', '-2.9308878', '115.1614714', '23:12:17', '115.5207358', '-3.6367092'),
(131, 2, '2023-10-31', '09:41:52', '-2.9308878', '115.1614714', '23:12:58', '115.5207358', '-3.6367092'),
(132, 4, '2023-11-01', '09:52:34', '-2.9309545', '115.1614739', '23:16:46', '115.5207358', '-3.6367092'),
(133, 5, '2023-11-01', '09:53:08', '-3.6367092', '115.5207358', '23:17:26', '115.5207358', '-3.6367092'),
(134, 6, '2023-11-01', '09:53:42', '-3.6367092', '115.5207358', '23:18:20', '115.5207358', '-3.6367092'),
(135, 7, '2023-11-01', '09:54:18', '-2.930967', '115.161495', '23:18:56', '115.5207358', '-3.6367092'),
(136, 8, '2023-11-01', '09:54:47', '-2.930967', '115.161495', '23:19:35', '115.5207358', '-3.6367092'),
(137, 3, '2023-11-01', '09:55:20', '-2.930967', '115.161495', '23:20:12', '115.5207358', '-3.6367092'),
(138, 9, '2023-11-01', '09:55:49', '-2.930967', '115.161495', '23:20:58', '115.5207358', '-3.6367092'),
(139, 10, '2023-11-01', '09:56:22', '-3.6367092', '115.5207358', '23:21:38', '115.5207358', '-3.6367092'),
(140, 11, '2023-11-01', '09:56:54', '-3.6367092', '115.5207358', '23:22:19', '115.5207358', '-3.6367092'),
(141, 2, '2023-11-01', '09:57:30', '-3.6367092', '115.5207358', '23:23:00', '115.5207358', '-3.6367092'),
(142, 4, '2023-11-02', '10:13:54', '-2.9309367', '115.1614695', NULL, NULL, NULL),
(143, 5, '2023-11-02', '10:14:54', '-2.9309367', '115.1614695', NULL, NULL, NULL),
(144, 6, '2023-11-02', '10:15:38', '-3.6367092', '115.5207358', NULL, NULL, NULL),
(145, 7, '2023-11-02', '10:16:25', '-2.9309552', '115.1614778', NULL, NULL, NULL),
(146, 8, '2023-11-02', '10:16:54', '-2.9309552', '115.1614778', NULL, NULL, NULL),
(147, 3, '2023-11-02', '10:17:29', '-2.9309552', '115.1614778', NULL, NULL, NULL),
(148, 9, '2023-11-02', '10:18:06', '-2.9309552', '115.1614778', NULL, NULL, NULL),
(149, 10, '2023-11-02', '10:18:52', '-3.6367092', '115.5207358', NULL, NULL, NULL),
(150, 11, '2023-11-02', '10:19:34', '-3.6367092', '115.5207358', NULL, NULL, NULL),
(151, 2, '2023-11-02', '10:20:11', '-3.6367092', '115.5207358', NULL, NULL, NULL),
(152, 4, '2023-11-03', '21:58:05', '-3.3186067', '114.5943784', '21:58:12', '114.5943784', '-3.3186067'),
(153, 5, '2023-11-03', '21:58:46', '-2.936993', '115.1498954', '21:58:51', '115.1498954', '-2.936993'),
(154, 6, '2023-11-03', '21:59:30', '-2.936993', '115.1498954', '21:59:35', '115.1498954', '-2.936993'),
(155, 7, '2023-11-03', '22:00:11', '-2.936993', '115.1498954', '22:00:16', '115.1498954', '-2.936993'),
(156, 8, '2023-11-03', '22:00:49', '-3.3186067', '114.5943784', '22:00:55', '114.5943784', '-3.3186067'),
(157, 3, '2023-11-03', '22:01:31', '-3.3186067', '114.5943784', '22:01:38', '114.5943784', '-3.3186067'),
(158, 9, '2023-11-03', '22:02:11', '-3.3186067', '114.5943784', '22:02:17', '114.5943784', '-3.3186067'),
(159, 10, '2023-11-03', '22:02:49', '-3.3186067', '114.5943784', '22:02:55', '114.5943784', '-3.3186067'),
(160, 11, '2023-11-03', '22:03:32', '-3.3186067', '114.5943784', '22:03:36', '114.5943784', '-3.3186067'),
(161, 2, '2023-11-03', '22:04:17', '-3.3186067', '114.5943784', '22:04:26', '114.5943784', '-3.3186067'),
(162, 4, '2023-11-06', '09:33:19', '-2.931014', '115.1614963', '21:18:59', '114.60608', '-3.3193984'),
(163, 5, '2023-11-06', '09:33:52', '-2.931014', '115.1614963', '21:19:36', '114.60608', '-3.3193984'),
(164, 6, '2023-11-06', '09:34:45', '-3.3186067', '114.5943784', '21:20:09', '114.60608', '-3.3193984'),
(165, 7, '2023-11-06', '09:35:23', '-2.9310136', '115.1615098', '21:20:44', '114.60608', '-3.3193984'),
(166, 8, '2023-11-06', '09:35:56', '-2.9310136', '115.1615098', '21:21:20', '114.60608', '-3.3193984'),
(167, 3, '2023-11-06', '09:36:30', '-2.9310136', '115.1615098', '21:22:01', '114.60608', '-3.3193984'),
(168, 9, '2023-11-06', '09:37:03', '-2.9310136', '115.1615098', '21:22:37', '114.60608', '-3.3193984'),
(169, 10, '2023-11-06', '09:37:34', '-2.9310086', '115.1614955', '21:23:33', '114.60608', '-3.3193984'),
(170, 11, '2023-11-06', '09:38:05', '-2.9310086', '115.1614955', '21:24:21', '114.60608', '-3.3193984'),
(171, 2, '2023-11-06', '09:38:38', '-2.9310086', '115.1614955', '21:24:59', '114.60608', '-3.3193984'),
(172, 4, '2023-11-07', '09:49:02', '-2.9310114', '115.1614988', '22:37:00', '114.60608', '-3.3193984'),
(173, 5, '2023-11-07', '09:49:44', '-2.9310146', '115.1615033', '22:37:36', '114.60608', '-3.3193984'),
(174, 6, '2023-11-07', '09:50:18', '-3.3193984', '114.60608', '22:38:14', '114.60608', '-3.3193984'),
(175, 7, '2023-11-07', '09:50:48', '-3.3193984', '114.60608', '22:38:50', '114.60608', '-3.3193984'),
(176, 8, '2023-11-07', '09:51:19', '-3.3193984', '114.60608', '22:39:27', '114.60608', '-3.3193984'),
(177, 3, '2023-11-07', '09:51:52', '-2.9309993', '115.1614688', '22:40:05', '114.60608', '-3.3193984'),
(178, 9, '2023-11-07', '09:52:30', '-2.9310137', '115.1615002', '22:40:42', '114.60608', '-3.3193984'),
(179, 10, '2023-11-07', '09:53:29', '-2.9310137', '115.1615002', '22:41:36', '114.60608', '-3.3193984'),
(180, 11, '2023-11-07', '09:54:05', '-2.9310137', '115.1615002', '22:42:17', '114.60608', '-3.3193984'),
(181, 2, '2023-11-07', '09:55:32', '-3.3193984', '114.60608', '22:42:57', '114.60608', '-3.3193984'),
(182, 4, '2023-11-08', '10:04:38', '-2.9309819', '115.1614969', '23:42:27', '114.5943784', '-3.3186067'),
(183, 5, '2023-11-08', '10:05:54', '-3.3193984', '114.60608', '23:43:04', '114.5943784', '-3.3186067'),
(184, 6, '2023-11-08', '10:06:27', '-3.3193984', '114.60608', '23:43:44', '114.5943784', '-3.3186067'),
(185, 7, '2023-11-08', '10:07:01', '-2.9309706', '115.1614899', '23:44:19', '114.5943784', '-3.3186067'),
(186, 8, '2023-11-08', '10:08:14', '-2.9309877', '115.1614952', '23:44:56', '114.5943784', '-3.3186067'),
(187, 3, '2023-11-08', '10:08:46', '-2.9309877', '115.1614952', '23:45:31', '114.5943784', '-3.3186067'),
(188, 9, '2023-11-08', '10:09:55', '-3.3193984', '114.60608', '23:46:12', '114.5943784', '-3.3186067'),
(189, 10, '2023-11-08', '10:11:19', '-3.3193984', '114.60608', '23:46:46', '114.5943784', '-3.3186067'),
(190, 11, '2023-11-08', '10:12:01', '-3.3193984', '114.60608', '23:47:23', '114.5943784', '-3.3186067'),
(191, 2, '2023-11-08', '10:12:40', '-3.3193984', '114.60608', '23:48:02', '114.5943784', '-3.3186067'),
(192, 4, '2023-11-09', '07:59:19', '-2.9310093', '115.1615035', '23:46:20', '114.5943784', '-3.3186067'),
(193, 5, '2023-11-09', '07:59:57', '-2.9310093', '115.1615035', '23:46:55', '114.5943784', '-3.3186067'),
(194, 6, '2023-11-09', '08:00:36', '-3.3193984', '114.60608', '23:47:28', '114.5943784', '-3.3186067'),
(195, 7, '2023-11-09', '08:01:11', '-2.9310151', '115.1615236', '23:48:14', '114.5943784', '-3.3186067'),
(196, 8, '2023-11-09', '08:01:47', '-2.9310151', '115.1615236', '23:48:45', '114.5943784', '-3.3186067'),
(197, 3, '2023-11-09', '08:02:18', '-2.9310151', '115.1615236', '23:49:18', '114.5943784', '-3.3186067'),
(198, 9, '2023-11-09', '08:02:55', '-2.9310151', '115.1615236', '23:50:25', '114.5943784', '-3.3186067'),
(199, 10, '2023-11-09', '08:03:32', '-2.9310093', '115.1615035', '23:51:08', '114.5943784', '-3.3186067'),
(200, 11, '2023-11-09', '08:04:08', '-2.9310093', '115.1615035', '23:52:34', '114.5943784', '-3.3186067'),
(201, 2, '2023-11-09', '08:04:44', '-2.9310093', '115.1615035', '23:53:14', '114.5943784', '-3.3186067'),
(202, 4, '2023-11-10', '09:06:48', '-3.3186067', '114.5943784', '20:24:07', '115.5207358', '-3.6367092'),
(203, 5, '2023-11-10', '09:08:28', '-2.9309793', '115.1614995', '20:25:07', '115.5207358', '-3.6367092'),
(204, 6, '2023-11-10', '09:09:01', '-2.9309793', '115.1614995', '20:26:28', '115.5207358', '-3.6367092'),
(205, 7, '2023-11-10', '09:09:37', '-3.3186067', '114.5943784', '20:27:07', '115.5207358', '-3.6367092'),
(206, 8, '2023-11-10', '09:11:11', '-3.3186067', '114.5943784', '20:28:10', '115.5207358', '-3.6367092'),
(207, 3, '2023-11-10', '09:15:37', '-3.3186067', '114.5943784', '20:28:45', '115.5207358', '-3.6367092'),
(208, 9, '2023-11-10', '09:16:11', '-3.3186067', '114.5943784', '20:29:17', '115.5207358', '-3.6367092'),
(209, 10, '2023-11-10', '09:17:00', '-3.3186067', '114.5943784', '20:29:51', '115.5207358', '-3.6367092'),
(210, 11, '2023-11-10', '09:17:34', '-3.3186067', '114.5943784', '20:30:30', '115.5207358', '-3.6367092'),
(211, 2, '2023-11-10', '09:18:12', '-2.9310275', '115.1615287', '20:31:05', '115.5207358', '-3.6367092'),
(212, 4, '2023-11-13', '10:04:54', '-2.9309805', '115.1614966', '23:45:18', '114.5943784', '-3.3186067'),
(213, 5, '2023-11-13', '10:05:31', '-2.9309806', '115.1614977', '23:46:04', '114.5943784', '-3.3186067'),
(214, 6, '2023-11-13', '10:06:07', '-2.9309806', '115.1614977', '23:47:03', '114.5943784', '-3.3186067'),
(215, 7, '2023-11-13', '10:06:58', '-3.3226752', '114.6093568', '23:48:03', '114.5943784', '-3.3186067'),
(216, 8, '2023-11-13', '10:07:33', '-2.9309705', '115.1614913', '23:48:49', '114.5943784', '-3.3186067'),
(217, 3, '2023-11-13', '10:08:10', '-2.9309705', '115.1614913', '23:49:31', '114.5943784', '-3.3186067'),
(218, 9, '2023-11-13', '10:08:45', '-2.9309705', '115.1614913', '23:50:14', '114.5943784', '-3.3186067'),
(219, 10, '2023-11-13', '10:09:22', '-2.9309705', '115.1614913', '23:50:55', '114.5943784', '-3.3186067'),
(220, 11, '2023-11-13', '10:10:01', '-3.3226752', '114.6093568', '23:51:35', '114.5943784', '-3.3186067'),
(221, 2, '2023-11-13', '10:10:43', '-3.3226752', '114.6093568', '23:52:16', '114.5943784', '-3.3186067'),
(222, 4, '2023-11-14', '09:56:46', '-2.930981', '115.1614865', NULL, NULL, NULL),
(223, 5, '2023-11-14', '09:57:31', '-2.930981', '115.1614865', NULL, NULL, NULL),
(224, 6, '2023-11-14', '09:58:13', '-3.3186067', '114.5943784', NULL, NULL, NULL),
(225, 7, '2023-11-14', '09:58:48', '-2.930992', '115.1615063', NULL, NULL, NULL),
(226, 8, '2023-11-14', '09:59:25', '-2.930992', '115.1615063', NULL, NULL, NULL),
(227, 3, '2023-11-14', '10:00:03', '-2.930992', '115.1615063', NULL, NULL, NULL),
(228, 9, '2023-11-14', '10:00:43', '-2.930992', '115.1615063', NULL, NULL, NULL),
(229, 10, '2023-11-14', '10:01:19', '-2.9309934', '115.161495', NULL, NULL, NULL),
(230, 11, '2023-11-14', '10:02:02', '-2.9309934', '115.161495', NULL, NULL, NULL),
(231, 2, '2023-11-14', '10:02:45', '-3.3186067', '114.5943784', NULL, NULL, NULL),
(232, 4, '2023-11-15', '10:01:43', '-2.9309863', '115.1614979', '23:29:39', '114.5943784', '-3.3186067'),
(233, 5, '2023-11-15', '10:03:05', '-2.9309806', '115.1614918', '23:30:22', '114.5943784', '-3.3186067'),
(234, 6, '2023-11-15', '10:03:47', '-2.9309806', '115.1614918', '23:30:59', '114.5943784', '-3.3186067'),
(235, 7, '2023-11-15', '10:04:38', '-2.9309823', '115.1614944', '23:32:14', '114.5943784', '-3.3186067'),
(236, 8, '2023-11-15', '10:05:24', '-2.9309823', '115.1614944', '23:32:49', '114.5943784', '-3.3186067'),
(237, 3, '2023-11-15', '10:06:10', '-3.3186067', '114.5943784', '23:33:31', '114.5943784', '-3.3186067'),
(238, 9, '2023-11-15', '10:07:37', '-3.3186067', '114.5943784', '23:34:08', '114.5943784', '-3.3186067'),
(239, 10, '2023-11-15', '10:09:48', '-3.3186067', '114.5943784', '23:34:53', '114.5943784', '-3.3186067'),
(240, 11, '2023-11-15', '10:10:48', '-3.3186067', '114.5943784', '23:35:34', '114.5943784', '-3.3186067'),
(241, 2, '2023-11-15', '10:11:23', '-3.3186067', '114.5943784', '23:36:13', '114.5943784', '-3.3186067'),
(242, 4, '2023-11-16', '08:09:41', '-2.9309744', '115.1614972', '22:42:29', '114.5943784', '-3.3186067'),
(243, 5, '2023-11-16', '08:10:22', '-2.9309744', '115.1614972', '22:43:17', '114.5943784', '-3.3186067'),
(244, 6, '2023-11-16', '08:11:07', '-2.9309744', '115.1614972', '22:43:54', '114.5943784', '-3.3186067'),
(245, 7, '2023-11-16', '08:11:48', '-2.9309798', '115.1614997', '22:44:30', '114.5943784', '-3.3186067'),
(246, 8, '2023-11-16', '08:12:40', '-2.9309798', '115.1614997', '22:45:11', '114.5943784', '-3.3186067'),
(247, 3, '2023-11-16', '08:13:20', '-3.3186067', '114.5943784', '22:45:58', '114.5943784', '-3.3186067'),
(248, 9, '2023-11-16', '08:14:04', '-3.3186067', '114.5943784', '22:46:38', '115.149885', '-2.9374637'),
(249, 10, '2023-11-16', '08:14:59', '-3.3186067', '114.5943784', '22:47:13', '115.149885', '-2.9374637'),
(250, 11, '2023-11-16', '08:15:59', '-3.3186067', '114.5943784', '22:47:54', '115.149885', '-2.9374637'),
(251, 2, '2023-11-16', '08:16:48', '-3.3186067', '114.5943784', '22:48:31', '114.5943784', '-3.3186067'),
(252, 4, '2023-11-17', '08:56:13', '-2.9309949', '115.1614982', '23:46:56', '114.5943784', '-3.3186067'),
(253, 5, '2023-11-17', '08:56:56', '-2.931028', '115.1615024', '23:47:58', '114.5943784', '-3.3186067'),
(254, 6, '2023-11-17', '08:57:30', '-2.930985', '115.1614951', '23:48:52', '114.5943784', '-3.3186067'),
(255, 7, '2023-11-17', '08:58:06', '-2.930985', '115.1614951', '23:49:27', '114.5943784', '-3.3186067'),
(256, 8, '2023-11-17', '08:58:40', '-2.930985', '115.1614951', '23:50:04', '114.5943784', '-3.3186067'),
(257, 3, '2023-11-17', '08:59:18', '-2.9310197', '115.1615201', '23:50:49', '115.1498756', '-2.9374868'),
(258, 9, '2023-11-17', '08:59:51', '-2.9310197', '115.1615201', '23:51:28', '115.1498756', '-2.9374868'),
(259, 10, '2023-11-17', '09:00:30', '-3.3186067', '114.5943784', '23:52:04', '115.1498756', '-2.9374868'),
(260, 11, '2023-11-17', '09:01:08', '-3.3186067', '114.5943784', '23:52:39', '115.1498756', '-2.9374868'),
(261, 2, '2023-11-17', '09:01:45', '-3.3186067', '114.5943784', '23:53:16', '114.5943784', '-3.3186067'),
(262, 4, '2023-11-20', '09:49:48', '-2.9310018', '115.1615021', '23:30:36', '114.5943784', '-3.3186067'),
(263, 5, '2023-11-20', '09:50:32', '-3.3186067', '114.5943784', '23:31:23', '114.5943784', '-3.3186067'),
(264, 6, '2023-11-20', '09:51:19', '-3.3186067', '114.5943784', '23:32:27', '114.5943784', '-3.3186067'),
(265, 7, '2023-11-20', '09:52:03', '-2.9310052', '115.1615023', '23:33:04', '114.5943784', '-3.3186067'),
(266, 8, '2023-11-20', '09:52:43', '-2.9310052', '115.1615023', '23:35:34', '114.5943784', '-3.3186067'),
(267, 3, '2023-11-20', '09:53:36', '-2.9310018', '115.1615021', '23:36:52', '114.5943784', '-3.3186067'),
(268, 9, '2023-11-20', '09:54:35', '-2.9310018', '115.1615021', '23:39:05', '114.5943784', '-3.3186067'),
(269, 10, '2023-11-20', '09:55:17', '-3.3186067', '114.5943784', '23:39:53', '114.5943784', '-3.3186067'),
(270, 11, '2023-11-20', '09:55:59', '-3.3186067', '114.5943784', '23:40:33', '114.5943784', '-3.3186067'),
(271, 2, '2023-11-20', '09:56:38', '-3.3186067', '114.5943784', '23:41:16', '114.5943784', '-3.3186067'),
(272, 4, '2023-11-21', '10:25:57', '-2.9309926', '115.1615049', '22:39:52', '115.1498953', '-2.9374357'),
(273, 5, '2023-11-21', '10:26:50', '-3.3186067', '114.5943784', '22:40:35', '114.5943784', '-3.3186067'),
(274, 6, '2023-11-21', '10:27:43', '-2.9309732', '115.161498', '22:41:13', '114.5943784', '-3.3186067'),
(275, 7, '2023-11-21', '10:28:29', '-2.9309732', '115.161498', '22:42:01', '115.1499416', '-2.937391'),
(276, 8, '2023-11-21', '10:29:17', '-2.9309732', '115.161498', '22:45:02', '114.5943784', '-3.3186067'),
(277, 3, '2023-11-21', '10:30:17', '-2.9309926', '115.1615049', '22:46:02', '114.5943784', '-3.3186067'),
(278, 9, '2023-11-21', '10:31:04', '-2.9309926', '115.1615049', '22:46:53', '114.5943784', '-3.3186067'),
(279, 10, '2023-11-21', '10:32:09', '-3.3186067', '114.5943784', '22:47:42', '114.5943784', '-3.3186067'),
(280, 11, '2023-11-21', '10:32:56', '-3.3186067', '114.5943784', '22:48:51', '114.5943784', '-3.3186067'),
(281, 2, '2023-11-21', '10:33:51', '-3.3186067', '114.5943784', '22:49:51', '114.5943784', '-3.3186067'),
(282, 4, '2023-11-22', '10:18:26', '-2.931003', '115.1615067', '23:42:21', '115.1499069', '-2.9374144'),
(283, 5, '2023-11-22', '10:19:40', '-3.3186067', '114.5943784', '23:43:02', '115.5207358', '-3.6367092'),
(284, 6, '2023-11-22', '10:20:16', '-2.9309743', '115.1614857', '23:44:14', '115.1499495', '-2.9373589'),
(285, 7, '2023-11-22', '10:20:59', '-2.9309743', '115.1614857', '23:44:52', '115.1499495', '-2.9373589'),
(286, 8, '2023-11-22', '10:21:40', '-2.9309743', '115.1614857', '23:45:28', '115.1499495', '-2.9373589'),
(287, 3, '2023-11-22', '10:22:45', '-2.9309982', '115.1615079', '23:46:05', '115.5207358', '-3.6367092'),
(288, 9, '2023-11-22', '10:24:09', '-2.9309982', '115.1615079', '23:46:45', '115.5207358', '-3.6367092'),
(289, 10, '2023-11-22', '10:26:18', '-3.3186067', '114.5943784', '23:47:27', '115.5207358', '-3.6367092'),
(290, 11, '2023-11-22', '10:28:12', '-3.3186067', '114.5943784', '23:48:11', '115.5207358', '-3.6367092'),
(291, 2, '2023-11-22', '10:28:47', '-3.3186067', '114.5943784', '23:48:52', '115.5207358', '-3.6367092'),
(292, 4, '2023-11-23', '10:58:54', '-3.3186067', '114.5943784', '23:48:46', '115.1499436', '-2.9373543'),
(293, 5, '2023-11-23', '10:59:38', '-2.9310017', '115.1615067', '23:49:27', '115.1499436', '-2.9373543'),
(294, 6, '2023-11-23', '11:01:21', '-2.9309661', '115.1614995', '23:50:08', '114.5943784', '-3.3186067'),
(295, 7, '2023-11-23', '11:02:47', '-2.9309661', '115.1614995', '23:50:45', '114.5943784', '-3.3186067'),
(296, 8, '2023-11-23', '11:04:40', '-3.3186067', '114.5943784', '23:51:24', '114.5943784', '-3.3186067'),
(297, 3, '2023-11-23', '11:05:46', '-3.3186067', '114.5943784', '23:52:06', '114.5943784', '-3.3186067'),
(298, 9, '2023-11-23', '11:07:43', '-3.3186067', '114.5943784', '23:52:46', '115.1502144', '-2.9372792'),
(299, 10, '2023-11-23', '11:09:11', '-3.3186067', '114.5943784', '23:53:23', '115.1502144', '-2.9372792'),
(300, 11, '2023-11-23', '11:10:03', '-3.3186067', '114.5943784', '23:54:07', '115.1502144', '-2.9372792'),
(301, 2, '2023-11-23', '11:10:47', '-3.3186067', '114.5943784', '23:54:58', '114.5943784', '-3.3186067'),
(302, 4, '2023-11-24', '22:18:05', '-3.3186067', '114.5943784', '22:18:19', '114.5943784', '-3.3186067'),
(303, 5, '2023-11-24', '22:18:58', '-3.3186067', '114.5943784', '22:19:07', '114.5943784', '-3.3186067'),
(304, 6, '2023-11-24', '22:19:45', '-2.9373173', '115.1499767', '22:19:55', '115.1499767', '-2.9373173'),
(305, 7, '2023-11-24', '22:20:35', '-2.9373173', '115.1499767', '22:20:49', '115.1499767', '-2.9373173'),
(306, 8, '2023-11-24', '22:21:29', '-3.3186067', '114.5943784', '22:21:37', '114.5943784', '-3.3186067'),
(307, 3, '2023-11-24', '22:22:20', '-3.3186067', '114.5943784', '22:22:27', '114.5943784', '-3.3186067'),
(308, 9, '2023-11-24', '22:23:37', '-3.3186067', '114.5943784', '22:23:44', '114.5943784', '-3.3186067'),
(309, 10, '2023-11-24', '22:24:49', '-3.3186067', '114.5943784', '22:24:59', '114.5943784', '-3.3186067'),
(310, 11, '2023-11-24', '22:25:46', '-3.3186067', '114.5943784', '22:25:56', '114.5943784', '-3.3186067'),
(311, 2, '2023-11-24', '22:26:44', '-3.3186067', '114.5943784', '22:26:53', '114.5943784', '-3.3186067'),
(312, 4, '2023-11-27', '09:47:22', '-3.3186067', '114.5943784', '23:10:39', '115.5207358', '-3.6367092'),
(313, 5, '2023-11-27', '09:48:59', '-2.9309929', '115.1615054', '23:11:26', '115.5207358', '-3.6367092'),
(314, 6, '2023-11-27', '09:50:30', '-2.9310046', '115.1615076', '23:12:06', '115.5207358', '-3.6367092'),
(315, 7, '2023-11-27', '09:51:10', '-2.9310046', '115.1615076', '23:13:20', '115.5207358', '-3.6367092'),
(316, 8, '2023-11-27', '09:51:57', '-2.9310046', '115.1615076', '23:14:05', '115.5207358', '-3.6367092'),
(317, 3, '2023-11-27', '09:52:42', '-3.3186067', '114.5943784', '23:15:43', '115.5207358', '-3.6367092'),
(318, 9, '2023-11-27', '09:53:34', '-3.3186067', '114.5943784', '23:16:22', '115.5207358', '-3.6367092'),
(319, 10, '2023-11-27', '09:54:59', '-3.3186067', '114.5943784', '23:17:41', '115.5207358', '-3.6367092'),
(320, 11, '2023-11-27', '09:55:59', '-3.3186067', '114.5943784', '23:19:18', '115.5207358', '-3.6367092'),
(321, 2, '2023-11-27', '09:56:36', '-3.3186067', '114.5943784', '23:20:24', '115.5207358', '-3.6367092'),
(322, 4, '2023-11-28', '13:55:34', '-3.3186067', '114.5943784', NULL, NULL, NULL),
(323, 5, '2023-11-28', '13:56:29', '-3.3186067', '114.5943784', NULL, NULL, NULL),
(324, 6, '2023-11-28', '13:57:09', '-3.3186067', '114.5943784', NULL, NULL, NULL),
(325, 7, '2023-11-28', '13:57:53', '-2.9374144', '115.1499176', NULL, NULL, NULL),
(326, 8, '2023-11-28', '13:58:38', '-2.9374144', '115.1499176', NULL, NULL, NULL),
(327, 3, '2023-11-28', '13:59:34', '-3.3186067', '114.5943784', NULL, NULL, NULL),
(328, 9, '2023-11-28', '14:00:18', '-3.3186067', '114.5943784', NULL, NULL, NULL),
(329, 10, '2023-11-28', '14:01:06', '-3.3186067', '114.5943784', NULL, NULL, NULL),
(330, 11, '2023-11-28', '14:01:50', '-3.3186067', '114.5943784', NULL, NULL, NULL),
(331, 2, '2023-11-28', '14:02:28', '-3.3186067', '114.5943784', NULL, NULL, NULL),
(332, 4, '2023-11-29', '08:03:10', '-3.3186067', '114.5943784', NULL, NULL, NULL),
(333, 5, '2023-11-29', '08:03:53', '-3.3186067', '114.5943784', NULL, NULL, NULL),
(334, 6, '2023-11-29', '08:04:32', '-2.931001', '115.1615005', NULL, NULL, NULL),
(335, 7, '2023-11-29', '08:05:24', '-2.931001', '115.1615005', NULL, NULL, NULL),
(336, 8, '2023-11-29', '08:06:32', '-2.9309895', '115.1615088', NULL, NULL, NULL),
(337, 3, '2023-11-29', '08:11:55', '-3.3186067', '114.5943784', NULL, NULL, NULL),
(338, 9, '2023-11-29', '08:15:50', '-3.3186067', '114.5943784', NULL, NULL, NULL),
(339, 10, '2023-11-29', '08:16:52', '-2.9310014', '115.1615164', NULL, NULL, NULL),
(340, 11, '2023-11-29', '08:17:58', '-2.9310014', '115.1615164', NULL, NULL, NULL),
(341, 2, '2023-11-29', '08:20:23', '-3.3186067', '114.5943784', NULL, NULL, NULL),
(342, 4, '2023-11-30', '23:22:07', '-3.6367092', '115.5207358', '23:22:18', '115.5207358', '-3.6367092'),
(343, 5, '2023-11-30', '23:23:02', '-3.6367092', '115.5207358', '23:23:12', '115.5207358', '-3.6367092'),
(344, 6, '2023-11-30', '23:23:54', '-2.9373645', '115.1495493', '23:24:03', '115.1495493', '-2.9373645'),
(345, 7, '2023-11-30', '23:24:53', '-2.9373645', '115.1495493', '23:25:06', '115.1495493', '-2.9373645'),
(346, 8, '2023-11-30', '23:25:49', '-2.9373645', '115.1495493', '23:25:58', '115.5207358', '-3.6367092'),
(347, 3, '2023-11-30', '23:26:42', '-3.6367092', '115.5207358', '23:26:52', '115.5207358', '-3.6367092'),
(348, 9, '2023-11-30', '23:27:42', '-3.6367092', '115.5207358', '23:27:51', '115.5207358', '-3.6367092'),
(349, 11, '2023-11-30', '23:28:38', '-3.6367092', '115.5207358', '23:28:48', '115.5207358', '-3.6367092'),
(350, 2, '2023-11-30', '23:29:35', '-3.6367092', '115.5207358', '23:29:46', '115.5207358', '-3.6367092'),
(351, 10, '2023-11-30', '23:33:47', '-3.6367092', '115.5207358', '23:33:57', '115.5207358', '-3.6367092'),
(352, 3, '2024-01-09', '12:53:14', '-3.289324', '114.5946805', NULL, NULL, NULL);

-- --------------------------------------------------------

--
-- Table structure for table `cuti`
--

CREATE TABLE `cuti` (
  `id_cuti` int(11) NOT NULL,
  `id_user` int(11) DEFAULT NULL,
  `jenis_cuti` enum('Cuti Tahunan','Cuti Roster','Cuti Melahirkan','Cuti Ibadah') DEFAULT NULL,
  `tanggal_mulai_cuti` date DEFAULT NULL,
  `tanggal_selesai_cuti` date DEFAULT NULL,
  `status_cuti` enum('Proses','Disetujui','Ditolak') DEFAULT NULL,
  `alasan_tolak_cuti` text DEFAULT NULL
) ENGINE=InnoDB DEFAULT CHARSET=latin1 COLLATE=latin1_swedish_ci;

--
-- Dumping data for table `cuti`
--

INSERT INTO `cuti` (`id_cuti`, `id_user`, `jenis_cuti`, `tanggal_mulai_cuti`, `tanggal_selesai_cuti`, `status_cuti`, `alasan_tolak_cuti`) VALUES
(1, 3, 'Cuti Tahunan', '2023-10-11', '2023-10-23', 'Disetujui', NULL),
(2, 4, 'Cuti Ibadah', '2023-06-07', '2023-07-17', 'Disetujui', NULL),
(4, 7, 'Cuti Tahunan', '2023-02-15', '2023-02-27', 'Disetujui', NULL),
(5, 3, 'Cuti Ibadah', '2024-01-09', '2024-01-20', 'Disetujui', NULL),
(6, 3, 'Cuti Tahunan', '2024-01-01', '2024-01-01', 'Disetujui', NULL);

-- --------------------------------------------------------

--
-- Table structure for table `golongan`
--

CREATE TABLE `golongan` (
  `id_golongan` int(11) NOT NULL,
  `nama_golongan` varchar(255) DEFAULT NULL,
  `gaji` varchar(30) DEFAULT NULL
) ENGINE=InnoDB DEFAULT CHARSET=latin1 COLLATE=latin1_swedish_ci;

--
-- Dumping data for table `golongan`
--

INSERT INTO `golongan` (`id_golongan`, `nama_golongan`, `gaji`) VALUES
(1, 'Golongan I', '5000000'),
(2, 'Golongan II/A', '5500000'),
(3, 'Golongan II/B', '6000000'),
(4, 'Golongan II/C', '6500000'),
(5, 'Golongan II/D', '7000000'),
(6, 'Golongan III/A', '7500000'),
(7, 'Golongan III/B', '8000000'),
(8, 'Golongan III/C', '8500000'),
(9, 'Golongan III/D', '9000000'),
(10, 'Golongan IV/A', '9500000'),
(11, 'Golongan IV/B', '10000000'),
(12, 'Golongan IV/C', '10500000'),
(13, 'Golongan IV/D', '11000000'),
(14, 'Golongan IV/E', '11500000');

-- --------------------------------------------------------

--
-- Table structure for table `kegiatan`
--

CREATE TABLE `kegiatan` (
  `id_kegiatan` int(11) NOT NULL,
  `nama_kegiatan` varchar(255) DEFAULT NULL,
  `tanggal_kegiatan` date DEFAULT NULL,
  `jam_kegiatan` time DEFAULT NULL,
  `keterangan_kegiatan` varchar(255) DEFAULT NULL
) ENGINE=InnoDB DEFAULT CHARSET=latin1 COLLATE=latin1_swedish_ci;

--
-- Dumping data for table `kegiatan`
--

INSERT INTO `kegiatan` (`id_kegiatan`, `nama_kegiatan`, `tanggal_kegiatan`, `jam_kegiatan`, `keterangan_kegiatan`) VALUES
(5, 'Rapat zoom masalah kematangan Unit Kerja Pengadaan Barang jasa (UKPBJ)', '2023-10-11', '10:00:00', ''),
(6, 'Rapat pokja UKPBJ dengan Kantor Dinas pertanian masalah reviuw paket tender', '2023-10-12', '14:00:00', ''),
(7, 'Peringatan maulid NABI MUHAMMAD SAW kantor pemda tapin', '2023-10-12', '12:00:00', ''),
(8, 'Senam pagi', '2023-10-13', '08:00:00', ''),
(9, 'RAPAT KOORDINASI NASIONAL PENGADAAN 2023', '2023-11-07', '14:00:00', ''),
(10, 'Rapat kaji ulang dengan SKPD DPUPR bidang sumber daya air untuk perbaikan penambahan file / berkas untuk di lanjutkan ke proses tender', '2023-11-16', '13:30:00', ''),
(11, 'Apel pagi', '2023-10-09', '07:30:00', ''),
(12, 'Rapat kaji ulang dengan kecamatan hatungun untuk perbaikan penambahan file / berkas untuk di lanjutkan ke proses tender', '2023-10-31', '14:15:00', ''),
(13, 'Rapat kaji ulang dengan SKPD DPUPR bidang BINA MARGA untuk  perbaikan penambahan file / berkas untuk di lanjutkan ke proses tender', '2023-11-13', '14:30:00', ''),
(14, 'Rapat kaji ulang dengan DINAS PEMUDA dan OLAHRAGA untuk perbaikan penambahan file / berkas untuk di lanjutkan ke proses tender', '2023-11-16', '14:00:00', '');

-- --------------------------------------------------------

--
-- Table structure for table `kehadirankegiatan`
--

CREATE TABLE `kehadirankegiatan` (
  `id_kehadirankegiatan` int(11) NOT NULL,
  `id_user` int(11) DEFAULT NULL,
  `id_kegiatan` int(11) DEFAULT NULL,
  `status_kehadiran` enum('Hadir','Tidak Hadir') DEFAULT NULL,
  `keterangan_kehadiran_kegiatan` text DEFAULT NULL
) ENGINE=InnoDB DEFAULT CHARSET=latin1 COLLATE=latin1_swedish_ci;

--
-- Dumping data for table `kehadirankegiatan`
--

INSERT INTO `kehadirankegiatan` (`id_kehadirankegiatan`, `id_user`, `id_kegiatan`, `status_kehadiran`, `keterangan_kehadiran_kegiatan`) VALUES
(1, 2, 1, 'Hadir', ''),
(2, 3, 1, 'Tidak Hadir', ''),
(3, 4, 1, 'Tidak Hadir', ''),
(4, 5, 1, 'Tidak Hadir', ''),
(5, 6, 1, 'Hadir', ''),
(6, 7, 1, 'Tidak Hadir', ''),
(7, 8, 1, 'Hadir', ''),
(8, 9, 1, 'Hadir', ''),
(9, 10, 1, 'Hadir', ''),
(10, 11, 1, 'Hadir', ''),
(11, 2, 2, 'Hadir', ''),
(12, 3, 2, 'Hadir', ''),
(13, 4, 2, 'Tidak Hadir', ''),
(14, 5, 2, 'Tidak Hadir', ''),
(15, 6, 2, 'Hadir', ''),
(16, 7, 2, 'Tidak Hadir', ''),
(17, 8, 2, 'Hadir', ''),
(18, 9, 2, 'Hadir', ''),
(19, 10, 2, 'Hadir', ''),
(20, 11, 2, 'Hadir', ''),
(21, 2, 3, 'Hadir', ''),
(22, 3, 3, 'Hadir', ''),
(23, 4, 3, 'Tidak Hadir', ''),
(24, 5, 3, 'Tidak Hadir', ''),
(25, 6, 3, 'Hadir', ''),
(26, 7, 3, 'Tidak Hadir', ''),
(27, 8, 3, 'Hadir', ''),
(28, 9, 3, 'Hadir', ''),
(29, 10, 3, 'Hadir', ''),
(30, 11, 3, 'Hadir', ''),
(31, 2, 4, 'Hadir', ''),
(32, 3, 4, 'Hadir', ''),
(33, 4, 4, 'Hadir', ''),
(34, 5, 4, 'Hadir', ''),
(35, 6, 4, 'Hadir', ''),
(36, 7, 4, 'Hadir', ''),
(37, 8, 4, 'Hadir', ''),
(38, 9, 4, 'Hadir', ''),
(39, 10, 4, 'Hadir', ''),
(40, 11, 4, 'Hadir', ''),
(41, 2, 1, 'Hadir', ''),
(42, 3, 1, 'Hadir', ''),
(43, 4, 1, 'Hadir', ''),
(44, 5, 1, 'Hadir', ''),
(45, 6, 1, 'Hadir', ''),
(46, 7, 1, 'Hadir', ''),
(47, 8, 1, 'Hadir', ''),
(48, 9, 1, 'Hadir', ''),
(49, 10, 1, 'Hadir', ''),
(50, 11, 1, 'Hadir', ''),
(51, 2, 2, 'Hadir', ''),
(52, 3, 2, 'Hadir', ''),
(53, 4, 2, 'Hadir', ''),
(54, 5, 2, 'Hadir', ''),
(55, 6, 2, 'Hadir', ''),
(56, 7, 2, 'Hadir', ''),
(57, 8, 2, 'Hadir', ''),
(58, 9, 2, 'Hadir', ''),
(59, 10, 2, 'Hadir', ''),
(60, 11, 2, 'Hadir', ''),
(61, 2, 3, 'Hadir', ''),
(62, 3, 3, 'Hadir', ''),
(63, 4, 3, 'Hadir', ''),
(64, 5, 3, 'Hadir', ''),
(65, 6, 3, 'Hadir', ''),
(66, 7, 3, 'Hadir', ''),
(67, 8, 3, 'Hadir', ''),
(68, 9, 3, 'Hadir', ''),
(69, 10, 3, 'Hadir', ''),
(70, 11, 3, 'Hadir', ''),
(71, 2, 5, 'Hadir', ''),
(72, 3, 5, 'Hadir', ''),
(73, 4, 5, 'Hadir', ''),
(74, 5, 5, 'Hadir', ''),
(75, 6, 5, 'Hadir', ''),
(76, 7, 5, 'Hadir', ''),
(77, 8, 5, 'Hadir', ''),
(78, 9, 5, 'Hadir', ''),
(79, 10, 5, 'Hadir', ''),
(80, 11, 5, 'Hadir', ''),
(81, 2, 6, 'Hadir', ''),
(82, 3, 6, 'Hadir', ''),
(83, 4, 6, 'Hadir', ''),
(84, 5, 6, 'Hadir', ''),
(85, 6, 6, 'Hadir', ''),
(86, 7, 6, 'Hadir', ''),
(87, 8, 6, 'Hadir', ''),
(88, 9, 6, 'Hadir', ''),
(89, 10, 6, 'Hadir', ''),
(90, 11, 6, 'Hadir', ''),
(91, 2, 7, 'Hadir', ''),
(92, 3, 7, 'Hadir', ''),
(93, 4, 7, 'Hadir', ''),
(94, 5, 7, 'Hadir', ''),
(95, 6, 7, 'Hadir', ''),
(96, 7, 7, 'Hadir', ''),
(97, 8, 7, 'Hadir', ''),
(98, 9, 7, 'Hadir', ''),
(99, 10, 7, 'Hadir', ''),
(100, 11, 7, 'Hadir', ''),
(101, 2, 8, 'Hadir', ''),
(102, 3, 8, 'Hadir', ''),
(103, 4, 8, 'Hadir', ''),
(104, 5, 8, 'Hadir', ''),
(105, 6, 8, 'Hadir', ''),
(106, 7, 8, 'Hadir', ''),
(107, 8, 8, 'Hadir', ''),
(108, 9, 8, 'Hadir', ''),
(109, 10, 8, 'Hadir', ''),
(110, 11, 8, 'Hadir', ''),
(111, 2, 9, 'Hadir', ''),
(112, 3, 9, 'Hadir', ''),
(113, 4, 9, 'Hadir', ''),
(114, 5, 9, 'Hadir', ''),
(115, 6, 9, 'Hadir', ''),
(116, 7, 9, 'Hadir', ''),
(117, 8, 9, 'Hadir', ''),
(118, 9, 9, 'Hadir', ''),
(119, 10, 9, 'Hadir', ''),
(120, 11, 9, 'Hadir', ''),
(121, 2, 10, 'Hadir', ''),
(122, 3, 10, 'Hadir', ''),
(123, 4, 10, 'Hadir', ''),
(124, 5, 10, 'Hadir', ''),
(125, 6, 10, 'Hadir', ''),
(126, 7, 10, 'Hadir', ''),
(127, 8, 10, 'Hadir', ''),
(128, 9, 10, 'Hadir', ''),
(129, 10, 10, 'Hadir', ''),
(130, 11, 10, 'Hadir', ''),
(131, 2, 11, 'Hadir', ''),
(132, 3, 11, 'Hadir', ''),
(133, 4, 11, 'Hadir', ''),
(134, 5, 11, 'Hadir', ''),
(135, 6, 11, 'Hadir', ''),
(136, 7, 11, 'Hadir', ''),
(137, 8, 11, 'Hadir', ''),
(138, 9, 11, 'Hadir', ''),
(139, 10, 11, 'Hadir', ''),
(140, 11, 11, 'Hadir', ''),
(141, 2, 12, 'Hadir', ''),
(142, 3, 12, 'Hadir', ''),
(143, 4, 12, 'Hadir', ''),
(144, 5, 12, 'Hadir', ''),
(145, 6, 12, 'Hadir', ''),
(146, 7, 12, 'Hadir', ''),
(147, 8, 12, 'Hadir', ''),
(148, 9, 12, 'Hadir', ''),
(149, 10, 12, 'Hadir', ''),
(150, 11, 12, 'Hadir', ''),
(151, 2, 13, 'Hadir', ''),
(152, 3, 13, 'Hadir', ''),
(153, 4, 13, 'Hadir', ''),
(154, 5, 13, 'Hadir', ''),
(155, 6, 13, 'Hadir', ''),
(156, 7, 13, 'Hadir', ''),
(157, 8, 13, 'Hadir', ''),
(158, 9, 13, 'Hadir', ''),
(159, 10, 13, 'Hadir', ''),
(160, 11, 13, 'Hadir', ''),
(161, 2, 14, 'Hadir', ''),
(162, 3, 14, 'Hadir', ''),
(163, 4, 14, 'Hadir', ''),
(164, 5, 14, 'Hadir', ''),
(165, 6, 14, 'Hadir', ''),
(166, 7, 14, 'Hadir', ''),
(167, 8, 14, 'Hadir', ''),
(168, 9, 14, 'Hadir', ''),
(169, 10, 14, 'Hadir', ''),
(170, 11, 14, 'Hadir', '');

-- --------------------------------------------------------

--
-- Table structure for table `perjalanandinas`
--

CREATE TABLE `perjalanandinas` (
  `id_perjalanandinas` int(11) NOT NULL,
  `id_user` int(11) DEFAULT NULL,
  `tanggal_perjalanandinas` date DEFAULT NULL,
  `jenis_tujuan` enum('Domestik','Manca Negara') DEFAULT NULL,
  `kepentingan` varchar(255) DEFAULT NULL,
  `tipe_transportasi` enum('Pesawat','Mobil','Lainnya') DEFAULT NULL,
  `total_tujuan` enum('1','2','3','4','5') DEFAULT NULL,
  `jumlah_biaya` varchar(255) DEFAULT NULL,
  `status_perjalanandinas` enum('Proses','Terima','Tolak') DEFAULT NULL,
  `keterangan_pengajuan_ditolak` text DEFAULT NULL
) ENGINE=InnoDB DEFAULT CHARSET=latin1 COLLATE=latin1_swedish_ci;

--
-- Dumping data for table `perjalanandinas`
--

INSERT INTO `perjalanandinas` (`id_perjalanandinas`, `id_user`, `tanggal_perjalanandinas`, `jenis_tujuan`, `kepentingan`, `tipe_transportasi`, `total_tujuan`, `jumlah_biaya`, `status_perjalanandinas`, `keterangan_pengajuan_ditolak`) VALUES
(1, 3, '2023-10-11', 'Domestik', 'ttt', 'Mobil', '2', '5000000', 'Terima', NULL),
(2, 4, '2023-10-05', 'Domestik', 'Pendampingan terkait pelaksanaan pengadaan e-purchasing', 'Pesawat', '1', '-', 'Terima', NULL),
(3, 4, '2023-10-12', 'Domestik', 'Menghadiri sosialisasi computer security insiden response team ( CSIRT )', 'Pesawat', '1', '-', 'Proses', NULL),
(4, 3, '2024-12-09', 'Domestik', 'Menghadiri sosialisasi computer security insiden response team ( CSIRT )', 'Pesawat', '1', '10.000.000', 'Proses', NULL);

-- --------------------------------------------------------

--
-- Table structure for table `setting`
--

CREATE TABLE `setting` (
  `id_setting` int(11) NOT NULL,
  `nama` text NOT NULL,
  `alamat` text NOT NULL,
  `nama_ketua` text NOT NULL,
  `nip_ketua` text NOT NULL,
  `logo_kantor` text NOT NULL,
  `background_login` text NOT NULL,
  `background_user` text NOT NULL
) ENGINE=InnoDB DEFAULT CHARSET=latin1 COLLATE=latin1_swedish_ci;

--
-- Dumping data for table `setting`
--

INSERT INTO `setting` (`id_setting`, `nama`, `alamat`, `nama_ketua`, `nip_ketua`, `logo_kantor`, `background_login`, `background_user`) VALUES
(1, 'Pengadaan Barang dan Jasa', 'Jalan Brigjend H. Hasan Basry No. 22 Telp (0511)31961 -Fax 31966 Kode Pos 71111', 'IHYA INNAL AKRIMULLAH, SH, MM', ' NIP. 19810415 200501 1 004', 'KAB TAPIN.jpg', 'ttd kepala.png', 'background.jpg');

-- --------------------------------------------------------

--
-- Table structure for table `spt`
--

CREATE TABLE `spt` (
  `id_spt` int(11) NOT NULL,
  `id_user` int(11) DEFAULT NULL,
  `tanggal_spt` date DEFAULT NULL,
  `bukti_spt` text DEFAULT NULL
) ENGINE=InnoDB DEFAULT CHARSET=latin1 COLLATE=latin1_swedish_ci;

--
-- Dumping data for table `spt`
--

INSERT INTO `spt` (`id_spt`, `id_user`, `tanggal_spt`, `bukti_spt`) VALUES
(1, 3, '2023-10-11', 'Sosialisasi Dinas Perhubungan Tentang ABCD'),
(2, 4, '2023-10-05', 'Sosialisasi Dinas Perhubungan Tentang Studi Kasus ABCSD'),
(3, 4, '2023-10-19', 'Sosialisasi Dinas Perhubungan Tentang Studi Kasus ABCSD');

-- --------------------------------------------------------

--
-- Table structure for table `user`
--

CREATE TABLE `user` (
  `id_user` int(11) NOT NULL,
  `nama_user` varchar(255) DEFAULT NULL,
  `kontak` varchar(255) DEFAULT NULL,
  `alamat` varchar(255) DEFAULT NULL,
  `username` varchar(255) DEFAULT NULL,
  `password` varchar(255) DEFAULT NULL,
  `kebangsaan` varchar(255) DEFAULT NULL,
  `nik` varchar(255) DEFAULT NULL,
  `tempat_lahir` varchar(255) DEFAULT NULL,
  `tanggal_lahir` date DEFAULT NULL,
  `jk` varchar(255) DEFAULT NULL,
  `kawin` varchar(255) DEFAULT NULL,
  `npwp` varchar(255) DEFAULT NULL,
  `agama` varchar(255) DEFAULT NULL,
  `email` varchar(255) DEFAULT NULL,
  `status_kepegawaian` varchar(255) DEFAULT NULL,
  `no_pegawai` varchar(255) DEFAULT NULL,
  `cost_center` varchar(255) DEFAULT NULL,
  `tanggal_bergabung` date DEFAULT NULL,
  `tanggal_ng` date DEFAULT NULL,
  `divisi` varchar(255) DEFAULT NULL,
  `ttd` varchar(255) DEFAULT NULL,
  `level` enum('Administrator','Karyawan','Ketua') NOT NULL,
  `id_golongan` int(11) DEFAULT NULL
) ENGINE=InnoDB DEFAULT CHARSET=latin1 COLLATE=latin1_swedish_ci;

--
-- Dumping data for table `user`
--

INSERT INTO `user` (`id_user`, `nama_user`, `kontak`, `alamat`, `username`, `password`, `kebangsaan`, `nik`, `tempat_lahir`, `tanggal_lahir`, `jk`, `kawin`, `npwp`, `agama`, `email`, `status_kepegawaian`, `no_pegawai`, `cost_center`, `tanggal_bergabung`, `tanggal_ng`, `divisi`, `ttd`, `level`, `id_golongan`) VALUES
(1, 'Administrator', '085173333433', '-', 'admin', 'admin', NULL, NULL, NULL, NULL, NULL, NULL, NULL, NULL, NULL, NULL, NULL, NULL, NULL, '0000-00-00', NULL, NULL, 'Administrator', NULL),
(2, 'Maulidi Rahman S, Kom', '081313333530', 'Kel. Kupang Kec. Tapin Utara', 'maulidi', 'maulidi', 'Indonesia', '630509', 'rantau', '1994-01-01', 'Laki-Laki', 'Kawin', '-', 'Islam', 'mauliditapin@gmail.com', 'Karyawan Tidak Tetap', '-', 'PENGADAAN BARANG DAN JASA', '2019-01-01', '2017-01-29', NULL, 'maulidi.jpg', 'Karyawan', 6),
(3, 'Silmy Yasser, S.Sos', '085349895866', 'Kel. Kupang Kec. Tapin Utara', 'silmy', 'silmy', 'indonesia', '630503', 'Tapin', '1970-06-17', 'Laki-Laki', 'Kawin', '-', 'Islam', 'silmiyasser46@gmail.com', 'Karyawan Tidak Tetap', '-', 'PENGADAAN BARANG DAN JASA', '2015-02-04', '2023-10-11', NULL, 'silmy t.jpg', 'Karyawan', 6),
(4, 'Ihya Innal Akrimullah, S.H., M.M.', '082133218999', 'Kel. Rantau Kanan Kec. Tapin Utara', 'ihya', 'ihya', 'indonesia', '630504', 'rantau', '1981-04-15', 'Laki-Laki', 'Kawin', '-', 'Islam', 'star_ihya@yahoo.co.id', 'Karyawan Tetap', '-', 'PENGADAAN BARANG DAN JASA', '2015-04-06', '2023-10-11', NULL, 'TT PA IHYA.bmp', 'Karyawan', 10),
(5, 'Siti Raudah, S.E.', '08115009775', 'Ds. Bitahan Kec. Lokpaikat', 'raudah', 'raudah', 'indonesia', '630705', 'barabai', '1979-10-07', 'Perempuan', 'Kawin', '-', 'Islam', 'sitiraudah253@gmail.com', 'Karyawan Tetap', '-', 'PENGADAAN BARANG DAN JASA', '2017-12-30', '2023-10-11', NULL, 'raudah t.jpg', 'Karyawan', 10),
(6, 'Saidi Marhaban, S.AP., S.AB, M.M', '085332118999', 'Kel. Rantau Kanan Kec. Tapin Utara', 'saidi', 'saidi', 'indonesia', '630605', 'kandangan', '1972-11-28', 'Laki-Laki', 'Kawin', '-', 'Islam', 'idiaban@gmail.com', 'Karyawan Tetap', '-', 'PENGADAAN BARANG DAN JASA', '2014-11-03', '2023-10-11', NULL, 'saidi.jpg', 'Karyawan', 8),
(7, 'Hery Novriansyah, S.K.M.', '085313799727', 'Kel. Kupang Kec. Tapin Utara', 'hery', 'hery', 'indonesia', '630105', 'rantau', '1974-11-30', 'Laki-Laki', 'Kawin', '-', 'Islam', 'novri.ui87@yahoo.com', 'Karyawan Tetap', '-', 'PENGADAAN BARANG DAN JASA', '2019-02-18', '2023-10-11', NULL, 'hery.jpg', 'Karyawan', 9),
(8, 'Wiji Atminingsih, A.Md', '082148744275', 'Kel. Rantau Kiwa Kec. Tapin Utara', 'wiji', 'wiji', 'indonesia', '6305', 'rantau', '1986-02-23', 'Perempuan', 'Kawin', '-', 'Islam', 'Wiji_atminingsih@yahoo.com', 'Karyawan Tetap', '-', 'PENGADAAN BARANG DAN JASA', '2014-11-03', '2023-10-11', NULL, 'wiji.jpg', 'Karyawan', 6),
(9, 'Yasir Yamani, S. Pd.I', '081348155588', 'Kel. Rantau Kiwa Kec. Tapin Utara', 'yasir', 'yasir', 'indonesia', '630502', 'rantau', '1985-10-22', 'Laki-Laki', 'Kawin', '-', 'Islam', 'yasieryamani@gmail.com', 'Karyawan Tidak Tetap', '-', 'PENGADAAN BARANG DAN JASA', '2015-01-04', '2023-10-11', NULL, 'yasir t.jpg', 'Karyawan', 6),
(10, 'Muntiyanti, S.T.', '081351128998', 'Kel. Rantau Kanan Kec. Tapin Utara', 'munti', 'munti', 'indonesia', '630505', 'rantau', '1984-02-12', 'Perempuan', 'Kawin', '-', 'Islam', 'muntiyanti84@gmail.com', 'Karyawan Tidak Tetap', '-', 'PENGADAAN BARANG DAN JASA', '2016-01-04', '2023-10-11', NULL, 'muntiyanti t.jpg', 'Karyawan', 6),
(11, 'Ronaa Nisriinaa Suri, S.Ars', '087862277990', 'Kel. Kupang Kec. Tapin Utara', 'ronaa', 'ronaa', 'indonesia', '637205', 'rantau', '1996-04-08', 'Perempuan', 'Kawin', '-', 'Islam', 'nisriinaar@gmail.com', 'Karyawan Tidak Tetap', '-', 'PENGADAAN BARANG DAN JASA', '2019-01-01', '2023-10-11', NULL, 'rona a.jpg', 'Karyawan', 6),
(12, 'Ketua', '085173333433', '-', 'ketua', 'ketua', NULL, NULL, NULL, NULL, NULL, NULL, NULL, NULL, NULL, NULL, NULL, NULL, NULL, '0000-00-00', NULL, NULL, 'Ketua', NULL);

--
-- Indexes for dumped tables
--

--
-- Indexes for table `absen`
--
ALTER TABLE `absen`
  ADD PRIMARY KEY (`id_absen`),
  ADD KEY `id_user` (`id_user`);

--
-- Indexes for table `cuti`
--
ALTER TABLE `cuti`
  ADD PRIMARY KEY (`id_cuti`),
  ADD KEY `id_user` (`id_user`);

--
-- Indexes for table `golongan`
--
ALTER TABLE `golongan`
  ADD PRIMARY KEY (`id_golongan`);

--
-- Indexes for table `kegiatan`
--
ALTER TABLE `kegiatan`
  ADD PRIMARY KEY (`id_kegiatan`);

--
-- Indexes for table `kehadirankegiatan`
--
ALTER TABLE `kehadirankegiatan`
  ADD PRIMARY KEY (`id_kehadirankegiatan`),
  ADD KEY `id_user` (`id_user`),
  ADD KEY `id_kegiatan` (`id_kegiatan`);

--
-- Indexes for table `perjalanandinas`
--
ALTER TABLE `perjalanandinas`
  ADD PRIMARY KEY (`id_perjalanandinas`),
  ADD KEY `id_user` (`id_user`);

--
-- Indexes for table `setting`
--
ALTER TABLE `setting`
  ADD PRIMARY KEY (`id_setting`);

--
-- Indexes for table `spt`
--
ALTER TABLE `spt`
  ADD PRIMARY KEY (`id_spt`),
  ADD KEY `id_user` (`id_user`);

--
-- Indexes for table `user`
--
ALTER TABLE `user`
  ADD PRIMARY KEY (`id_user`),
  ADD KEY `id_golongan` (`id_golongan`);

--
-- AUTO_INCREMENT for dumped tables
--

--
-- AUTO_INCREMENT for table `absen`
--
ALTER TABLE `absen`
  MODIFY `id_absen` int(11) NOT NULL AUTO_INCREMENT, AUTO_INCREMENT=353;

--
-- AUTO_INCREMENT for table `cuti`
--
ALTER TABLE `cuti`
  MODIFY `id_cuti` int(11) NOT NULL AUTO_INCREMENT, AUTO_INCREMENT=7;

--
-- AUTO_INCREMENT for table `golongan`
--
ALTER TABLE `golongan`
  MODIFY `id_golongan` int(11) NOT NULL AUTO_INCREMENT, AUTO_INCREMENT=15;

--
-- AUTO_INCREMENT for table `kegiatan`
--
ALTER TABLE `kegiatan`
  MODIFY `id_kegiatan` int(11) NOT NULL AUTO_INCREMENT, AUTO_INCREMENT=15;

--
-- AUTO_INCREMENT for table `kehadirankegiatan`
--
ALTER TABLE `kehadirankegiatan`
  MODIFY `id_kehadirankegiatan` int(11) NOT NULL AUTO_INCREMENT, AUTO_INCREMENT=171;

--
-- AUTO_INCREMENT for table `perjalanandinas`
--
ALTER TABLE `perjalanandinas`
  MODIFY `id_perjalanandinas` int(11) NOT NULL AUTO_INCREMENT, AUTO_INCREMENT=5;

--
-- AUTO_INCREMENT for table `setting`
--
ALTER TABLE `setting`
  MODIFY `id_setting` int(11) NOT NULL AUTO_INCREMENT, AUTO_INCREMENT=2;

--
-- AUTO_INCREMENT for table `spt`
--
ALTER TABLE `spt`
  MODIFY `id_spt` int(11) NOT NULL AUTO_INCREMENT, AUTO_INCREMENT=4;

--
-- AUTO_INCREMENT for table `user`
--
ALTER TABLE `user`
  MODIFY `id_user` int(11) NOT NULL AUTO_INCREMENT, AUTO_INCREMENT=13;

--
-- Constraints for dumped tables
--

--
-- Constraints for table `absen`
--
ALTER TABLE `absen`
  ADD CONSTRAINT `absen_ibfk_1` FOREIGN KEY (`id_user`) REFERENCES `user` (`id_user`) ON DELETE CASCADE ON UPDATE CASCADE;

--
-- Constraints for table `cuti`
--
ALTER TABLE `cuti`
  ADD CONSTRAINT `cuti_ibfk_1` FOREIGN KEY (`id_user`) REFERENCES `user` (`id_user`) ON DELETE CASCADE ON UPDATE CASCADE;

--
-- Constraints for table `perjalanandinas`
--
ALTER TABLE `perjalanandinas`
  ADD CONSTRAINT `perjalanandinas_ibfk_1` FOREIGN KEY (`id_user`) REFERENCES `user` (`id_user`) ON DELETE CASCADE ON UPDATE CASCADE;

--
-- Constraints for table `spt`
--
ALTER TABLE `spt`
  ADD CONSTRAINT `spt_ibfk_1` FOREIGN KEY (`id_user`) REFERENCES `user` (`id_user`) ON DELETE CASCADE ON UPDATE CASCADE;

--
-- Constraints for table `user`
--
ALTER TABLE `user`
  ADD CONSTRAINT `user_ibfk_1` FOREIGN KEY (`id_golongan`) REFERENCES `golongan` (`id_golongan`) ON DELETE CASCADE ON UPDATE CASCADE;
COMMIT;

/*!40101 SET CHARACTER_SET_CLIENT=@OLD_CHARACTER_SET_CLIENT */;
/*!40101 SET CHARACTER_SET_RESULTS=@OLD_CHARACTER_SET_RESULTS */;
/*!40101 SET COLLATION_CONNECTION=@OLD_COLLATION_CONNECTION */;
